Name company;location;Job title;URL;content
TIBCO;Hanoi, Hanoi, Vietnam;Junior Data Science Engineer;https://www.linkedin.com/jobs/view/2775540192/?eBP=NotAvailableFromMidTier&recommendedFlavor=ACTIVELY_HIRING_COMPANY&refId=6niwtNbQVujTUuEQ8F3%2FKg%3D%3D&trackingId=%2BhmkN5UVeYmBxiVM2E%2Fbrg%3D%3D&trk=flagship3_search_srp_jobs;"About the job
          

 
          Work with leading edge technology and grow your career with this dynamic, innovative team.

About the technology: TIBCO Event Processing is building the next generation platform for real-time big data analytics, operations, and automation. TIBCO real-time event-driven infrastructure software already solves the toughest problems in large enterprises, like retailers, airlines, banks, and hospitals. Our software tracks FedEx packages and Delta planes, delivers real-time data to Wall Street trading desks, monitors cellular networks, analyzes online transactions for fraud, and powers hundreds of other applications. Customers expect up-to-date information at their fingertips, and immediate automated resolution of their problems. Businesses need our technology to meet these expectations.

TIBCO Event Processing is based on domain specific languages and distributed transactional memory, combining the best of NoSQL and rapid application development platforms into one coherent whole to support capturing, contextualizing, analyzing, deciding, and acting on real time data. We are passionate about user experience for both developers and end-users. We believe that building platforms and enabling our customers to focus on making their business real-time is the best way to change the world with software.

The Data Science Engineer role is for a hybrid Engineer/Data Scientist who understands analysis, modeling, and algorithms but prefers to focus on the technical aspects of building analytics capabilities.

In this role, you will play a key role in prototyping and productionizing tools and methods we will use to analyze digital streaming data and to provide data-driven decisions for our customers.

The selected candidate will know how to analyze/model data and will enjoy writing code to implement it.

Experience/Skills
Understand and love code, data, and math.Excellent programming skills in Java or similar language.Familiar with relational databases and writing complex SQL queries.Demonstrated understanding of mainstream stats and ML methodsExperience in developing and deploying machine learning modelsKnowledge of commercial software development, including all stages of the software development lifecycle and tools such as Git, Maven, Jenkins, JIRA.Experience with source control systems, defect-tracking systems, automated unit and system test frameworks, and similar tools required.Knowledge of cloud environment such as AWS or Azure is a plusMust be familiar with basic security concepts or standards as appropriate for this position.Good written and verbal communication skills in English
Education
BS/MS in computer engineering or similar"
Hitachi Vantara;Chí Minh, Hai Duong, Vietnam;Data Engineer;https://www.linkedin.com/jobs/view/2669156573/?eBP=NotAvailableFromMidTier&recommendedFlavor=ACTIVELY_HIRING_COMPANY&refId=6niwtNbQVujTUuEQ8F3%2FKg%3D%3D&trackingId=JPBufWh4vmpwCapI12egNQ%3D%3D&trk=flagship3_search_srp_jobs;"About the job
          

 
The Company

Hitachi Vantara, a wholly-owned subsidiary of Hitachi, Ltd., guides our customers from what’s now to what’s next by solving their digital challenges. Working alongside each customer, we apply our unmatched industrial and digital capabilities to their data and applications to benefit both business and society. More than 80% of the Fortune 100 trust Hitachi Vantara to help them develop new revenue streams, unlock competitive advantages, lower costs, enhance customer experiences, and deliver social and environmental value.

 Overall Requirements
Provision/Implement data processing pipeline for downstream analytics/ BIStrong knowledge on data standards, SQL, ETL, scripting (Python)Experienced with databases, data warehouse and BigData (Spark/ Hadoop)Skills of data/ analytics stacks on Azure (Data Storage, Data Factory, Databricks/ Synapse/ HDInsight) are appreciated.Good communication skills and English.
Location

District 12, HCMC, Vietnam.

We are an equal opportunity employer. All applicants will be considered for employment without attention to age, race, color, religion, sex, sexual orientation, gender identity, national origin, veteran or disability status."
Parcel Perform;Ho Chi Minh City, Vietnam;Data Engineer;https://www.linkedin.com/jobs/view/2759594654/?eBP=NotAvailableFromMidTier&recommendedFlavor=ACTIVELY_HIRING_COMPANY&refId=6niwtNbQVujTUuEQ8F3%2FKg%3D%3D&trackingId=4dAXPu0w3O5hkTWxPQGLiw%3D%3D&trk=flagship3_search_srp_jobs;"About the job
          

 
Do you want to be at the forefront of Parcel Perform's Product for a ground-breaking B2B platform solution in e-commerce logistics? 
Parcel Perform is looking for an amazing Data Engineer to support us on the product development and innovation front! 
We are a dynamic, fast-growing team that’s excited about e-commerce and logistics and the opportunity to transform these industries with data and technology. Join us and our journey to drive growth in the e-commerce market. We are looking for you as a Data Engineer WE NEED YOU ON OUR TEAM!You will be part of a young & motivated team, driving the next level of growth of our Parcel Perform and Parcel Monitor applications that help customers track e-commerce shipments around the globe. As part of our team, you will have a very direct impact on the success of the company.
As a data engineer, you are in charge of the data ecosystem, which includes everything from data sources and databases to data storage solutions. These components are connected by pipelines that transport and transform data.
You will be working side by side with our data scientists and architects in both data analysis processes and bringing prediction models to the production environment.
And you will also be developing analytical tools and programs. Though we are promoting the use of open sources, some situations call for bespoke software for better customization, user experience, and data accuracy. WHAT YOU SHOULD BRING ALONG!We at Parcel Perform believe in innovation, energy and resourcefulness for everything we do. We will not stop delivering an outstanding product that we can be proud of and need you to help us inform the world. You need to feel the same way about our offering and bring along the following things:The skillsAt least 4 years of working as a data engineerSolid foundation in Python and at least another language in the JVM familyDeep knowledge of SQL Database designExperience with distributed system, high volume Databases, and ETL pipelinesFamiliarity with Big data analysisExposure to a wide range of NoSQL solutionsExcellent critical thinking, organizational and communication skillsStrong ownership and good collaboration skills to work in a teamGood English communication
WHAT YOU WILL RECEIVE IN RETURN!The competitive compensation package, and a preference for internal promotions.Unlimited leave plan.Flexible working hours, and open environment. Work From Home is available by requests.Premium insurance and annual medical checkup.Free lunch, free fruit, snacks are provided.Weekly 1-1 catch-up for training and career development, team bonding events, various training programs.Unlimited to O’Reilly technical materials.Opportunities to work alongside people from around the world that share the same passion and dedication.Locating in a quiet area with little traffic, full of natural light and within walking distance to many convenient facilities, our office in Ho Chi Minh City makes work-life integration to the fullest.
WHO ARE WE AT PARCEL PERFORM! Parcel Perform is the leading delivery experience platform. It enables modern e-commerce enterprises to create unique end-to-end customer journeys and optimize logistics operations with powerful data integrations, parcel tracking, delivery notifications and logistics performance reports in real-time. 
Parcel Perform's scalable SaaS platform executes more than 100M parcel updates daily and integrates with 700+ carriers. The data-first company is pioneering innovative ML / AI use cases in e-commerce logistics including its 'Date of Arrival' prediction engine. Parcel Perform is the partner of choice for top brands, marketplaces and carriers across all major verticals globally.
LEARN MORE ABOUT US!https://www.parcelperform.com/ - Learn more about our B2B offering & the most global B2C tracking page https://www.parcelmonitor.com/blog/ - Hear what Employees say about Parcel Perform Our social media accounts - For the latest updates, follow us on LinkedIn, Facebook, Twitter"
EcoTruck - Ecosystem for Trucking;Ho Chi Minh City, Vietnam;Data Engineer;https://www.linkedin.com/jobs/view/2767832302/?eBP=NotAvailableFromMidTier&recommendedFlavor=ACTIVELY_HIRING_COMPANY&refId=6niwtNbQVujTUuEQ8F3%2FKg%3D%3D&trackingId=NBnsi7AJkyIpyCkKLtmsBg%3D%3D&trk=flagship3_search_srp_jobs;"About the job
          

 
EcoTruck - a tech-driven logistics company focusing on first mile trucking. We are proud to be the leading ecosystem for trucking in Vietnam.We are looking for people who is talented and hardworking to join our force to bring the efficiency to the industry through innovative business model and unique way of operating What you will do in this role Analyze requirements, design and develop a secure and standard data storage system./ Phân tích yêu cầu, thiết kế và phát triển hệ thống lưu trữ dữ liệu một cách bảo mật và chuẩn chỉnh. Build data pipelines to convert and synthesize data from the company's existing system that can serve the queries and analysis quickly and easily./ Xây dựng hệ thống chuyển đổi, tổng hợp dữ liệu từ hệ thống có sẵn của công ty phục vụ nhu cầu truy vấn và phân tích một cách nhanh chóng, dễ dàng. Build a system to collect info from different sources that provide data for business analysis and development./ Xây dựng hệ thống thu thập và tổng hợp dữ liệu từ các nguồn khác nhau, phục vụ cho nhu cầu phân tích và phát triển kinh doanh. Collaborate with other software engineers, product owners, designers to build the product./ Cộng tác với các kỹ sư phần mềm khác, product owner và người thiết kế để xây dựng sản phẩm.
What we are looking forMinimum 2 years experience with backend development/ Trên 2 năm kinh nghiệm lập trình backend Passionate about coding and programming, innovation, and solving problems. / Có đam mê lập trình, đổi mới và giải quyết vấn đề. Strong coding skills with experience in at least one backend programming language (like Python, Java, etc.)./ Kỹ năng lập trình vững với ít nhất một ngôn ngữ lập trình backend như Python, Java,... Familiar with a web framework that follows MVC model or similar./ Quen thuộc với một web framework tuân theo mô hình MVC hoặc các mô hình tương tự. Familiar with Linux development environments./ Quen thuộc với môi trường phát triển trên Linux. Experience with MySQL / Có kinh nghiệm với MySQL. Experience with queueing and messaging systems. / Có kinh nghiệm với các hệ thống queueing và messaging (Rabbitmq, Kafka…). Experience developing features for product/ Có kinh nghiệm phát triển các tính năng cho sản phẩm. Experience with unit tests, code coverage, and code refactoring./ Có kinh nghiệm viết unit tests, code coverage, cải tiến chất lượng code. Nice-to-have / Điểm lợi thế: Experience with Elasticsearch. / Có kinh nghiệm với ElasticsearchExperience with Docker./ Có kinh nghiệm với Docker 
BenefitPerformance bonusESOP based on performance and contributionSocial insurance and health insurance (on 100% of gross salary)Additional premium health carePaid annual health checkupPerformance and salary review at least once a yearMonthly team building budget, which does NOT roll overCompany trips and other team building activities (encouraged to do marathon or triathlon)Office goodies including daily healthy snacks, good coffee and tea, healthy beverages, and a great office atmosphere"
////;Hanoi, Hanoi, Vietnam;Data Engineer (Junior);https://www.linkedin.com/jobs/view/2770305774/?eBP=NotAvailableFromMidTier&recommendedFlavor=JOB_SEEKER_QUALIFIED&refId=6niwtNbQVujTUuEQ8F3%2FKg%3D%3D&trackingId=OuTYJV77K0dz%2F8Rz4kNNJA%3D%3D&trk=flagship3_search_srp_jobs;"About the job
          
 



      This job is sourced from a job board.
      Learn more


 
          Mô tả công việc: 1. Junior Cài đặt môi trường Lập trình thủ tục (procedures), hàm (functions) và packages. Phát triển ETL: ETL mapping, trích xuất và chuyển đổi dữ liệu. Hỗ trợ khách hàng sửa lỗi trong quá trình triển khai dự án. Thiết kế dashboard và báo cáo cho người sử dụng nghiệp vụ. Yêu cầu: 1. Junior Tốt nghiệp chuyên ngành CNTT, ĐTVT. Có hiểu biết về cơ sở dữ liệu, công cụ ETL và công cụ BI. Có kỹ năng về ngôn ngữ: SQL, PL SQL Có kinh nghiệm làm việc với các công cụ ETL như: Oracle ODI, IBM Datastage, Pentaho .. Tại SVTECH: Cơ hội làm việc trực tiếp với các hãng lớn nhất (Oracle, IBM, Microsoft). Nghiên cứu nhiều sản phẩm đa dạng, được cung cấp tool, lab, design, optimized cho đa dạng các mạng KH khác nhau. Lộ trình phát triển và thăng tiến rõ ràng với kế hoạch đào tạo bài bản. Ngân sách đào tạo lên đến $5000/năm, bao gồm hỗ trợ 100% chi phí học & thi các chứng chỉ quốc tế, thưởng khi thi đạt chứng chỉ. Thu nhập đảm bảo xứng đáng với năng lực và nỗ lực, thưởng hấp dẫn trực tiếp từ lợi nhuận Công ty (14 tháng lương/năm + thưởng doanh thu công ty & perfomance). Gói Bảo hiểm sức khỏe cho bản thân và gia đình trị giá $3000/người/năm. Môi trường làm việc năng động, hạnh phúc, với 4 giá trị cốt lõi: Trust, Teamwork, Knowledge & Creativity, Customer. Sống & làm việc cân bằng với 4 giá trị: Health, Heart, Mind, Spirit cùng chính sách làm việc linh hoạt. Mối quan hệ đồng hành giữa sếp & nhân viên. Công ty là ngôi nhà thứ hai nơi các thành viên sống và làm việc cùng nhau với trái tim nhiệt huyết, chân thành và tinh thần học hỏi không ngừng. Work hard, play hard culture: Các hoạt động văn hóa, giải trí phong phú: Team building, CLB Thể thao, âm nhạc, chương trình Sun-flower, Happy Hour…"
////;My Tho, Vietnam;Data Engineer;https://www.linkedin.com/jobs/view/2771690078/?eBP=NotAvailableFromMidTier&recommendedFlavor=JOB_SEEKER_QUALIFIED&refId=6niwtNbQVujTUuEQ8F3%2FKg%3D%3D&trackingId=E%2F8ziNg8VuEISVTzvuEgcg%3D%3D&trk=flagship3_search_srp_jobs;"About the job
          
 



      This job is sourced from a job board.
      Learn more


 
About Us

We pride ourselves as the best and largest vertically integrated, omni-channel women's fashion brand in the region. Founded in 2010, we have grown to 250 people strong, proudly headquartered in Singapore with country offices in Indonesia and Malaysia and an omni-channel presence across these 3 markets. In addition to our retail franchise in Cambodia, we ship internationally to 15 markets (Hong Kong, China, Philippines and Australia, New Zealand, US, Canada, Macau, Japan, Korea, Vietnam, Thailand, Myanmar, Cambodia & Brunei).

We are taking our definition of new female retail global, with our sights set on becoming the most thoughtful brand for the everyday woman.

The team

The Love, Bonito team is a passionate, dynamic, innovative and fun-loving family. From fashion-lovers, savvy marketers to tech whizzes, we have a diverse team of talented individuals with one unified focus - our customer, the Love, Bonito woman. She is at the heart of everything we do and we pride ourselves in always taking an innovative, data-centric yet considerate approach in creating the right experiences, products and content for her. With big dreams and a grand mission, we’re looking for great like-minded people to join us - people who are as passionate, fearless and entrepreneurial.

If you’re looking for a dynamic, no corporate-BS environment to learn, grow, and really make an impact, we could be the perfect fit for you!

The role

This role is to improve our data and data pipeline architecture, as well as improving the data flow and collection for cross-functional teams. The ideal candidate will also have a chance to figure out things from the ground up for new component integrations.

Role Will Also Include
Monitoring & managing data pipelines, ensuring accuracy and stabilityDevelop and support BAU tasksPOC and adopting new technologies to improve data platform management in large-scale high throughput.Identify, design and implement improvements, e.g. automating manual processes, optimising data delivery etcOverall accomplishment is to maintain a robust data platform that can support BI to AI activities. 
At LoveBonito, we continuously look forward to improving things so as a Data Engineer you will enable better measurements and ensure measurement accuracy so that we know what we do and where we want to improve.

Main Responsibilities
Candidate will need to understand both business demands and available upstream system assetsUnderstand structured and unstructured datasets Good Knowledge about big data systems like (Hadoop, HDFS, Hive, Apache Spark, Apache Flink, Kafka, etc.) with experience in handling batch/real time data streaming.Skilled in Python, Scala programming languages Strong Knowledge in SQL and good understanding of DBMS is requiredProposing new technologies, middle-wares, tools etc. to improve architecture of systemsCreate and automate the data workflows such as extraction, transformation, load (ETL)Identify gaps or opportunities in existing systems and contribute to their improvementStakeholder managementBring good knowledge / experience to the team
Requirements

Qualifications & Experience
2 to 5 years experience in design and development of Datawarehouse Systems.About 1 to 2 years of experience in developing Big data solutionsBS/MS in engineering or any other technical disciplineProven experience delivering production-ready data engineering solutions, including requirements definition, architecture selection, prototype development, debugging, unit-testing, deployment, support, and maintenance
Experience In The Following Will Be Considered Advantageous
Airflow OrchestrationRedshift/Big QueryAWS/GCP cloudDeploying machine learning models and frameworksDatabricksBuilding APIs
Benefits
A dynamic, no corporate-BS environment to learn, grow, and really make an impactRemote Work StipendLaptop StipendForward thinking tech stackSupportive and awesome international teammates
By submitting your interest in this job, you agree to receive text notifications with additional steps to complete your job application. You will receive up to 6 messages from the number ""63879"". Message & data rates may apply. Please refer to our privacy policy for more information."
////;Hanoi, Hanoi, Vietnam;Data Engineer (Python/SQL/Oracle);https://www.linkedin.com/jobs/view/2754135419/?eBP=NotAvailableFromMidTier&recommendedFlavor=JOB_SEEKER_QUALIFIED&refId=6niwtNbQVujTUuEQ8F3%2FKg%3D%3D&trackingId=3DGpPFCPARlTD5MNDJoTBA%3D%3D&trk=flagship3_search_srp_jobs;"About the job
          
 



      This job is sourced from a job board.
      Learn more


 
          Mô Tả Công Việc
Phân tích yêu cầu nghiệp vụ với Chuyên viên phân tích nghiệp vụ và người sử dụng.Chịu trách nhiệm thiết kế cơ sở dữ liệu, thiết kế và triển khai kiến trúc ETL.Đóng góp ý kiến và giải pháp về kiến trúc hệ thống.Khắc phục sự cố liên quan đến hoạt động của Data Warehouse và điều chỉnh các truy vấn cơ sở dữ liệu phức tạp.Thực hiện rà soát các lệnh truy vấn cơ sở dữ liệu khi có yêu cầu. Yêu Cầu Công ViệcCó hơn 2 năm kinh nghiệm trong phát triển và quản trị cơ sở dữ liệu.Trải nghiệm thực tế với ít nhất 1 công cụ ETL (ví dụ: SSIS) và 1 công cụ BI (ví dụ: Power BI)Có khả năng xem xét các câu lệnh SQL và thiết kế cơ sở dữ liệu theo các tiêu chuẩn và thông lệ tốt nhất.Kỹ năng giao tiếp tốt và chuyên nghiệp theo hướng tích tực tiếp cận để giải quyết vấn đề.Kỹ thuật cho người sử dụng và dự án triển khai Data Warehouse."
////;Hoàn Kiếm District, Hanoi, Vietnam;Data Engineer;https://www.linkedin.com/jobs/view/2770306578/?eBP=NotAvailableFromMidTier&refId=6niwtNbQVujTUuEQ8F3%2FKg%3D%3D&trackingId=4xYzZ8OLw5zkGh3UVC8t7A%3D%3D&trk=flagship3_search_srp_jobs;"About the job
          
 



      This job is sourced from a job board.
      Learn more


 
          Mô tả công việc: Phân tích dữ liệu người dùng để đưa ra các giải pháp nghiệp vụ, chức năng nhằm cải thiện sản phẩm. Quản lý và tham gia quá trình tạo hệ thống dữ liệu người dùng Quản lý lưu trữ dữ liệu người dùng ngắn và dài hạn Đáp ứng các yêu cầu thống kê và phân tích dữ liệu người dùng từ các phòng ban khác Xác định các điểm yếu trong lưu trữ và thu thập thông tin người dùng. Đưa ra giải pháp nhằm cải thiện hệ thống Làm việc cùng với các lập trình viên để nâng cao và cải tiến các dự án. Nghiên cứu và so sánh các sản phẩm tương tự của đối thủ cạnh tranh. Thực hiện các công việc khác được giao. Yêu cầu tuyển dụng: Trình độ học vấn: Không yêu cầu Kinh nghiệm làm việc: Có kinh nghiệm ít nhất 1 năm làm công việc tương ứng tại tổ chức công nghệ, phát triển phần mềm. Kiến thức: Có trình độ nghiệp vụ và kinh nghiệm quản lý và phân tích dữ liệu người dùng. Kinh nghiệm sử dụng SQL và NoSQL là lợi thế lớn trong quá trình ứng tuyển. Ứng viên cần có hiểu biết tốt về cấu trúc quản lý code Git, cấu trúc lập trình MERN và có khả năng lập trình. Kỹ năng làm việc: Kỹ năng giao tiếp và diễn đạt tốt, nhanh nhẹn, năng động, sáng tạo trong công việc, nhiệt huyết với công việc. Khả năng làm việc bằng Tiếng Anh và Tiếng Việt. Có khả năng làm việc độc lập với cường độ cao. Tin học văn phòng. Quyền chủ động: Trực tiếp liên lạc, phối hợp với Quản lý trực tiếp và các đơn vị để giải quyết các vấn đề phát sinh liên quan đến công việc do mình đảm trách. Sự phức tạp trong công việc: Kịp thời nắm bắt các xu hướng sản phẩm trên thị trường."
Name company;location;Job title;URL;content
Hitachi Vantara;Chí Minh, Hai Duong, Vietnam;Data Engineer;https://www.linkedin.com/jobs/view/2779598985/?eBP=NotAvailableFromMidTier&recommendedFlavor=ACTIVELY_HIRING_COMPANY&refId=RWzZ93Ty6IM7AXPuDVVVZQ%3D%3D&trackingId=DCHqFke37Vaq4rSJgxmTxQ%3D%3D&trk=flagship3_search_srp_jobs;"About the job
          

 
The Company

Hitachi Vantara, a wholly-owned subsidiary of Hitachi, Ltd., guides our customers from what’s now to what’s next by solving their digital challenges. Working alongside each customer, we apply our unmatched industrial and digital capabilities to their data and applications to benefit both business and society. More than 80% of the Fortune 100 trust Hitachi Vantara to help them develop new revenue streams, unlock competitive advantages, lower costs, enhance customer experiences, and deliver social and environmental value.

 Overall Requirements
Provision/Implement data processing pipeline for downstream analytics/ BIStrong knowledge on data standards, SQL, ETL, scripting (Python)Experienced with databases, data warehouse and BigData (Spark/ Hadoop)Skills of data/ analytics stacks on Azure (Data Storage, Data Factory, Databricks/ Synapse/ HDInsight) are appreciated.Good communication skills and English.
Location

District 12, HCMC, Vietnam.

We are an equal opportunity employer. All applicants will be considered for employment without attention to age, race, color, religion, sex, sexual orientation, gender identity, national origin, veteran or disability status."
Bunnings;Ho Chi Minh City Metropolitan Area;Data Engineer - Returning to Australia or New Zealand;https://www.linkedin.com/jobs/view/2778684239/?eBP=NotAvailableFromMidTier&recommendedFlavor=ACTIVELY_HIRING_COMPANY&refId=RWzZ93Ty6IM7AXPuDVVVZQ%3D%3D&trackingId=8KZddOUK%2BGC5abW8iO0E7A%3D%3D&trk=flagship3_search_srp_jobs;"About the job
          

 
Are you returning home to Australia or New Zealand? 
If you’re planning a move back home after some time overseas and are looking for a career with an iconic Australian brand, then look no further!
Land your new job before you land back home. We have offices across all major cities of Australia and New Zealand and can support most roles in any state.

Bunnings is becoming more and more data driven and is currently working on an exciting transformation journey. We have incredible opportunities within our teams for you to make an impact across our Data and Analytics Team and if you are a Data or Analytics Engineer, we want to hear from you!

About the role
This role will be working on projects that will see you transforming, structuring, and operationalising data for consumption across analytics, business intelligence and machine learning data science projects.
You will be working with a driven, passionate and dedicated team, working with modern technologies including, Snowflake, Airflow, Microsoft Azure, Spark, dbt, Databricks and Python.
You will: 
· Design, implement, test, and maintain data pipelines that underpin the platforms to power our data products and advanced analytics· Acquire, ingest, and process data from multiple sources and systems into our data platforms· Perform, engineer and develop analytic data products and data pipelines· Actively contribute to the evolution of data design standards, guidelines, frameworks, and practices
About you:
You are a detail oriented, flexible, adaptable, problem solver who has exceptional root-cause identification and collaboration skills.
You will have a deep understanding of technical platforms for analytics, experience with cloud compute platforms and have a genuine passion for the data space.
Skills we are looking for: 
• Proven experience in data engineering or a related field• Knowledge of SQL• Experience in writing robust code in Python• Experience working with Cloud databases or data warehouses• Working with agile processes and practices
What's in it for you: 
Competitive salary packageTeam member and partner discountThe opportunity to participate in the Wesfarmers Share PlanAccess to discounted offers from corporate partners12 weeks paid parental leave, regardless of genderOngoing career development and trainingWork in a fun and informal teamA flexible and inclusive work environmentChances to create a real difference in your community and environment
 Please note that if your application progresses to the reference check stage, you may be required to submit a police check. If your search returns a criminal record, Bunnings will assess whether the record impacts your ability to perform the key requirements of the role."
TIBCO;Hanoi, Hanoi, Vietnam;Junior Data Science Engineer;https://www.linkedin.com/jobs/view/2794000141/?eBP=NotAvailableFromMidTier&recommendedFlavor=ACTIVELY_HIRING_COMPANY&refId=RWzZ93Ty6IM7AXPuDVVVZQ%3D%3D&trackingId=%2BMk2uRg%2BLv6Dgf9pJBmRBQ%3D%3D&trk=flagship3_search_srp_jobs;"About the job
          

 
          Work with leading edge technology and grow your career with this dynamic, innovative team.

About the technology: TIBCO Event Processing is building the next generation platform for real-time big data analytics, operations, and automation. TIBCO real-time event-driven infrastructure software already solves the toughest problems in large enterprises, like retailers, airlines, banks, and hospitals. Our software tracks FedEx packages and Delta planes, delivers real-time data to Wall Street trading desks, monitors cellular networks, analyzes online transactions for fraud, and powers hundreds of other applications. Customers expect up-to-date information at their fingertips, and immediate automated resolution of their problems. Businesses need our technology to meet these expectations.

TIBCO Event Processing is based on domain specific languages and distributed transactional memory, combining the best of NoSQL and rapid application development platforms into one coherent whole to support capturing, contextualizing, analyzing, deciding, and acting on real time data. We are passionate about user experience for both developers and end-users. We believe that building platforms and enabling our customers to focus on making their business real-time is the best way to change the world with software.

The Data Science Engineer role is for a hybrid Engineer/Data Scientist who understands analysis, modeling, and algorithms but prefers to focus on the technical aspects of building analytics capabilities.

In this role, you will play a key role in prototyping and productionizing tools and methods we will use to analyze digital streaming data and to provide data-driven decisions for our customers.

The selected candidate will know how to analyze/model data and will enjoy writing code to implement it.

Experience/Skills
Understand and love code, data, and math.Excellent programming skills in Java or similar language.Familiar with relational databases and writing complex SQL queries.Demonstrated understanding of mainstream stats and ML methodsExperience in developing and deploying machine learning modelsKnowledge of commercial software development, including all stages of the software development lifecycle and tools such as Git, Maven, Jenkins, JIRA.Experience with source control systems, defect-tracking systems, automated unit and system test frameworks, and similar tools required.Knowledge of cloud environment such as AWS or Azure is a plusMust be familiar with basic security concepts or standards as appropriate for this position.Good written and verbal communication skills in English
Education
BS/MS in computer engineering or similar"
Zitga Studio;Hanoi Capital Region;Data Engineer;https://www.linkedin.com/jobs/view/1946051783/?eBP=NotAvailableFromMidTier&refId=RWzZ93Ty6IM7AXPuDVVVZQ%3D%3D&trackingId=ZyT5aPXxHifMH3AyIOAfig%3D%3D&trk=flagship3_search_srp_jobs;"About the job
          

 
Mô tả công việc● Phát triển và bảo trì các hệ thống big data trong nội bộ cty.Quyền lợi✔ Làm việc 5 ngày/tuần từ thứ 2 đến thứ 6 (nghỉ T7, CN).✔ Tham gia các dự án Mobile Game chất lượng cao để phát triển bản thân.✔ Làm việc với đồng nghiệp giỏi, nhiều kinh nghiệm để học hỏi.✔ Mức lương thỏa thuận theo năng lực ứng tuyển ( upto 18tr/tháng)✔ Xét review công việc 2 lần/năm (vào tháng 06 và tháng 12 hàng năm),✔ Du lịch &amp; team building hàng năm.✔ Thưởng cuối năm 2-6 tháng lương ( theo kết quả kinh doanh).✔ Tham gia các hoạt động thể thao, giải trí, các giải đấu: Bóng đá, Game(PC,Mobile), Boardgame…. được tổ chức giúp gắn kết các thành viên trong côngty.✔ Tham gia các lớp đào tạo nâng cao chuyên môn, kỹ năng làm việc✔ Có nhiều cơ hội thăng tiến lên LEADER.Yêu cầu● Đã tốt nghiệp đại học hoặc đang là sinh viên năm cuối chuyên ngành CNTT● Có 1 năm kinh nghiệm về Hadoop ecosystem (HDFS, Yarn, Hive, Tez, Hue.)● Trình độ tiếng Anh tương đương TOEIC 450● Đam mê, nhiệt huyết và trách nhiệm. Có tinh thần và thái độ chuyên nghiệp trongcông việc. Sẵn sàng học tập, chia sẻ công nghệ mới
Thông tin liên hệ:- Email: tuyendung@zitga.com.vn- Điện thoại: ​034 639 6067Thông tin về Zitga Studio:- Website: http://zitga.com.vn/- Fanpage:https://www.facebook.com/ZitgaStudio/?view_public_for=1630140940600479- Hành trình 5 năm: https://www.youtube.com/watch?v=r4y5GAvvdV8"
Raffles Data & Analytics;Hanoi, Hanoi, Vietnam;Data Engineer;https://www.linkedin.com/jobs/view/2788312863/?eBP=NotAvailableFromMidTier&recommendedFlavor=ACTIVELY_HIRING_COMPANY&refId=RWzZ93Ty6IM7AXPuDVVVZQ%3D%3D&trackingId=bFEwKXkSBeV%2BKfcpOab2SQ%3D%3D&trk=flagship3_search_srp_jobs;"About the job
          

 
Raffles VN cần tìm kiếm các ứng viên tại Hà Nội, Hồ Chí Minh, có thể remote cho vị trí Data Engineer, có thể làm remote.Yêu cầu: Không cần bằng cấp, chỉ cần sử dụng thành thạo SQL, các ETL tool và BI. Ưu tiên ứng viên có kinh nghiệm với big data & cloudCông việc chính: triển khai DWH, Datamart, data pipeline, phát triển báo cáo. Môi trường làm việc zero admin works.Việc nhiều lương không thấp: 500 USD – 2000 USD. CV vui lòng gửi về hr@raffles.com.vn#data #sql #ETL #hiring."
////;Hanoi, Hanoi, Vietnam;Data Engineer;https://www.linkedin.com/jobs/view/2777270838/?eBP=NotAvailableFromMidTier&refId=RWzZ93Ty6IM7AXPuDVVVZQ%3D%3D&trackingId=bLy3wuBXBllm4yUBP0j1SA%3D%3D&trk=flagship3_search_srp_jobs;"About the job
          

 
Data Engineer"
////;Vietnam;Data Engineer;https://www.linkedin.com/jobs/view/2778698222/?eBP=NotAvailableFromMidTier&refId=RWzZ93Ty6IM7AXPuDVVVZQ%3D%3D&trackingId=Y5Vqj3SipA9Axxnp0Fp%2Bsg%3D%3D&trk=flagship3_search_srp_jobs;"About the job
          

 
Our client is a multinational big data analytics company. They offer a CustomerData Platform (CDP) that unifies customer data from disparate sources to delivera holistic view of the customer enabling insights and actions with the objective ofoptimizing personalized customer journeys. They have differentiated technologiesto ingest and unify customer data, perform machine learning on customer dataand syndicate with other software products for activation. They have numerouslarge global customers, like Subaru, Panasonic, LG and Canon who trust them tohandle their complexity, scale, and security needs.
The Data Engineer will join the growing Solutions Engineering – ProfessionalServices Team. The Solutions Engineering team has three areas of focus - Pre-sales,Professional Services and Customer Success Engineering, and this role will focuson the Professional Services competency.Our Vietnam team has around 15+ engineers who are software engineers, qualityengineers and product managers. We take care of various parts of the platform.
THING YOU WILL DO: Help end-users understand the value of the Customer Data Platform, understand how they can build ETL pipelines, Data lakes, and IoT scenarios Data Engineer.Equipped with solid knowledge of the client’s Cloud-based Customer Data platform, you will provide the expertise to end-users towards a successful, scalable implementation.Guide end-users and prospects in the architecture and implementation of their use cases on the data platform.Participate in blueprinting, scoping, technical requirements gathering, development, hypercare support, and transition to support/account management.
YOUR BACKGROUND & SKILLS WILL INCLUDE: A strong background in data & technology and an extensive track record of successful implementations of Customer-focused solutions. Deep knowledge experience in SQL (senior-level) and have successfully sold and/or deployed data-oriented solutions in the recent past (DW, BI, ETL, Hadoop, etc). 2+ years of experience coding with a scripting language such as Python, Ruby or Java.Engagement with developers, business analysts, and IT confidently and succinctly and understand how they want to work with data.When it comes to delivering disruptive solutions to age-old problems, you are the expert. This can be demonstrated by a track record of happy, referenceable customers who appreciate your technical acumen and your diligence. This is a hands-on role – be ready to jump in and use the product from your first day.
WE WOULD BE THRILLED IF YOU:Have experience selling Cloud-based or SaaS products.Have a good understanding of Digital Marketing and Marketing Technologies.Have experience working with Big Data technologies (such as Hadoop, MapReduce, Hive/Pig, Cassandra, MongoDB, etc).Some level of understanding or experience in AI/ML in Python.Have wide industry experience across Automotive, retail, media and entertainment, retail, telco/media markets or E-commerce.
WHAT YOU GET: Competitive salary and benefits: we seek the best talent for this role as you will be the interface between product and engineering.Innovation: Our business is at the frontier of enterprise technology adoption. You have an opportunity to learn about a whole suite of technology that is changing how the world’s largest institutions run their core businesses.
WHAT WE VALUE: Humility: Know what you do not know, be candid about it, seek help and guidance -- both from customers and colleagues.Gumption: Some call it “distance traveled”, i.e., how far you have come in your life overcoming obstacles, putting in sustained effort, defying the odds. We love optimistic doers.High cognitive skills & adaptive learning skills: We value people who can learn actively from the environment and constantly tweak their approach. Success comes from million such tweaks.Technical breadth and depth: You will not program actively for this role. However, you do have to develop a strong technical understanding of our platform and adjacent products.
Job Notes:Full-time commitment (40 hrs/week).Work in VN timezone (besides scheduled meetings with client, you can keep your own daily working schedule).Flexible working location.In normal condition: come to the Office (District 3) once a week on Monday. 12 days-off/year + VN Public Holiday.PVI insurance.Tax, Social Insurance follow Labor Law.Client issues managed laptop (Macbook Pro)."
